qe_char,pe_char
0,0.05153996541256351
1,0.06059361301135866
2,0.08904487100100392
3,0.11701338210090172
4,0.14870833356893196
5,0.17475886640515148
6,0.2001643621011792
7,0.22302218996068146
8,0.24701558191888778
9,0.2697141238532246
10,0.2925051905033448
11,0.314253189427853
12,0.33612659059006494
13,0.35821030869314696
14,0.3807946862668848
15,0.403526346636018
16,0.42309331877879447
17,0.442557718721718
18,0.4619007977744865
19,0.4813174969679343
20,0.5018805163114385
21,0.5198850125676453
22,0.5372747275066343
23,0.5561608090047111
24,0.5736134872324465
25,0.5899190658861146
26,0.6053434702669367
27,0.6201846812600067
28,0.6357834498777715
29,0.6495187290559026
30,0.6626452497387194
31,0.6753065818290557
32,0.687477826272595
33,0.6990445211104797
34,0.7101753903840816
35,0.7208391154195025
36,0.7310192007703997
37,0.740726671743693
38,0.7500122759281739
39,0.7589044977286097
40,0.7674423083455523
41,0.7756678108469436
42,0.7834623485556118
43,0.791202581667729
44,0.7983125583531728
45,0.805127799391678
46,0.8116622352160235
47,0.817894878063294
48,0.8239638985536285
49,0.8297037611984276
50,0.8352720513613782
51,0.8406195944730561
52,0.8456821376522606
53,0.8506310691533467
54,0.8552920389107173
55,0.8597848656518878
56,0.8641043910070397
57,0.8682704406887449
58,0.8722741576059688
59,0.8761653540386897
60,0.8799375395105974
61,0.8835552856575538
62,0.8870086300235631
63,0.8903314421247416
64,0.89356093591478
65,0.896653832104047
66,0.8996267253383051
67,0.9025006742371979
68,0.9052597785509002
69,0.9079151769570972
70,0.9104791843551632
71,0.9129509788070501
72,0.9153470274164096
73,0.9176651194533194
74,0.9198891279264236
75,0.9220470837574286
76,0.9241292795745604
77,0.9261407462055266
78,0.9280895896600421
79,0.9300101754513209
80,0.9318368052209052
81,0.933594959048283
82,0.9353041650477676
83,0.9369576634874811
84,0.9385632769502256
85,0.9401165414621192
86,0.941633994983542
87,0.9431157508852591
88,0.9445263382890954
89,0.9458894375136409
90,0.9472176327138372
91,0.948491750059013
92,0.9497526597100381
93,0.9509588396241425
94,0.9521312067075133
95,0.9532689106794113
96,0.9543761746008417
97,0.9554514396237825
98,0.9564932886136681
99,0.9575037480729273
100,0.9584809190412421
101,0.9594259777403021
102,0.9603511965554447
103,0.9612539821304149
104,0.9621272629637309
105,0.9629724845326494
106,0.9638098693474204
107,0.9646093741552549
108,0.9653872960036565
109,0.9661470785296191
110,0.9668787451058017
111,0.9675985360943252
112,0.9682936689414086
113,0.9689713285192989
114,0.9696334279596597
115,0.9702735476429091
116,0.9708942525826109
117,0.9714982636771307
118,0.9720937577929115
119,0.9726753639899504
120,0.9732353163708278
121,0.9737808848358651
122,0.9743143793144042
123,0.9748289125324564
124,0.9753358215665462
125,0.9758316060942965
126,0.9763117029424064
127,0.9767791872928832
128,0.9772358163925878
129,0.977678699287007
130,0.9781147374214746
131,0.9785334298288602
132,0.9789429250329155
133,0.9793514565854662
134,0.9797392271166319
135,0.9801221793902747
136,0.9804977909068682
137,0.9808558724688861
138,0.9812136989466821
139,0.9815582752162905
140,0.981893597597186
141,0.9822242859480522
142,0.9825435521943202
143,0.9828601683989507
144,0.9831642146199849
145,0.983465639142073
146,0.9837569453233631
147,0.9840462108308788
148,0.9843270585590754
149,0.9845985248564482
150,0.9848686590473293
151,0.985129440150078
152,0.9853832489507642
153,0.9856316584687558
154,0.9858752072151876
155,0.9861138101619857
156,0.9863475098231871
157,0.9865731459887106
158,0.9867988246682711
159,0.9870192316072478
160,0.9872330772131862
161,0.9874417786206516
162,0.987643493554709
163,0.987843706326127
164,0.9880403762611311
165,0.9882317744555514
166,0.9884223932259607
167,0.9886066774048621
168,0.9887867385227582
169,0.9889642346270907
170,0.9891356653954828
171,0.9893046445210765
172,0.9894702083523672
173,0.9896341991642902
174,0.9897927198367903
175,0.9899456711704478
176,0.9900965960016767
177,0.99024815854346
178,0.9903916292468742
179,0.9905334985882293
180,0.9906750986740169
181,0.990812574898219
182,0.9909494134118664
183,0.9910807251007083
184,0.9912097126888627
185,0.9913359652073057
186,0.9914597944256417
187,0.9915822206807577
188,0.9917020252369275
189,0.9918181877572639
190,0.9919344919910569
191,0.9920476360147688
192,0.992158994448928
193,0.992270282026359
194,0.9923767230035759
195,0.9924831498094471
196,0.9925844324168455
197,0.9926858567377004
198,0.9927865441485813
199,0.9928845673464789
200,0.9929794728483323
201,0.9930748743472838
202,0.9931680084309303
203,0.9932607740595899
204,0.993349486683392
205,0.993437547425294
206,0.9935254664537394
207,0.9936089498509947
208,0.9936921073073
209,0.9937739893424962
210,0.9938529379091418
211,0.993933261096316
212,0.9940093612224848
213,0.9940854755199995
214,0.9941612497052182
215,0.9942356917839456
216,0.9943123304212493
217,0.9943827194951191
218,0.9944541289058761
219,0.9945248722633874
220,0.994590953248178
221,0.9946548943597747
222,0.9947200967211347
223,0.9947847464000141
224,0.9948484040846977
225,0.9949093975563981
226,0.9949689738935329
227,0.9950276857785827
228,0.9950884666800983
229,0.9951462715990262
230,0.9952039064618062
231,0.9952600249906012
232,0.9953145279859914
233,0.9953702213744168
234,0.9954245826563505
235,0.995476648180288
236,0.995528075993671
237,0.9955792062087953
238,0.9956319094432873
239,0.9956820476642158
240,0.9957312222336396
241,0.9957799008059656
242,0.9958288061198219
243,0.995878136574048
244,0.9959261632644738
245,0.99597236185131
246,0.9960157686830522
247,0.996059104658066
248,0.9961020438354016
249,0.9961460458636613
250,0.9961889283556141
251,0.9962316407914192
252,0.9962733895757196
253,0.9963148407617615
254,0.9963537977909678
255,0.9963937609857157
256,0.9964336958377723
257,0.9964714199599067
258,0.9965082938013018
259,0.9965462588363123
260,0.9965823957677333
261,0.9966190003535609
262,0.9966551089422906
263,0.9966915293006247
264,0.996725724757691
265,0.9967614223773966
266,0.9967948950958344
267,0.9968288638113701
268,0.9968615287631055
269,0.9968934284621755
270,0.996925356503937
271,0.9969559949532437
272,0.9969878096242398
273,0.997019539267162
274,0.9970488881240142
275,0.997079314003136
276,0.9971092155424687
277,0.9971376432618532
278,0.9971661701806573
279,0.9971942861304374
280,0.9972235641305612
281,0.9972507022574911
282,0.9972777978703841
283,0.9973036889188962
284,0.9973309829306284
285,0.9973573274622015
286,0.9973826941709245
287,0.9974080325369561
288,0.9974318970830397
289,0.9974566685952451
290,0.9974794419477131
291,0.9975023428422921
292,0.9975251870514884
293,0.9975498877069656
294,0.9975722926044466
295,0.9975949384148037
296,0.9976174283403587
297,0.9976387703869156
298,0.9976613169978531
299,0.9976820071625099
300,0.9977029949254254
301,0.9977235150339342
302,0.9977447720524172
303,0.9977661566130109
304,0.9977864783226806
305,0.9978066158048569
306,0.9978263564893547
307,0.9978459838030872
308,0.9978652851758697
309,0.9978844448351957
310,0.9979032076968433
311,0.9979216304461952
312,0.9979405917066819
313,0.997958390916825
314,0.9979760767562028
315,0.9979926714019651
316,0.9980100454717385
317,0.9980273770274749
318,0.9980449778387788
319,0.9980609914593693
320,0.9980774585630208
321,0.9980935146976482
322,0.9981099392872627
323,0.9981253151972986
324,0.9981417256155675
325,0.9981569598121469
326,0.9981732001742679
327,0.998188037573169
328,0.9982030166855266
329,0.9982175281434776
330,0.9982337543342529
331,0.9982489460167954
332,0.9982625363372788
333,0.9982773737361799
334,0.9982922394777723
335,0.9983058156269101
336,0.9983198877731457
337,0.9983337190065054
338,0.9983483438352216
339,0.9983616507287919
340,0.9983755953329168
341,0.998388448743426
342,0.9984013446679724
343,0.9984143539632839
344,0.9984271223457194
345,0.9984401599837223
346,0.9984533109924904
347,0.9984654416643712
348,0.9984775865075979
349,0.9984904682607985
350,0.9985026131040251
351,0.998514375320919
352,0.9985258399395541
353,0.9985370211312762
354,0.9985484715785656
355,0.998559553570868
356,0.9985708906473922
357,0.9985819868110404
358,0.9985934230869842
359,0.9986037256552756
360,0.9986144250212453
361,0.9986248551316477
362,0.9986352994133956
363,0.998646466433772
364,0.9986567264880264
365,0.9986665330592198
366,0.9986775300234483
367,0.9986874216227157
368,0.9986980926459942
369,0.998707885045842
370,0.9987168980216787
371,0.9987263361378852
372,0.9987358592821655
373,0.9987458075668155
374,0.9987553307110959
375,0.9987638193471434
376,0.9987730732358563
377,0.9987822420964952
378,0.9987907307325428
379,0.9987993894247382
380,0.9988084590859576
381,0.9988172594916095
382,0.9988255355574722
383,0.9988343076204328
384,0.9988420735178519
385,0.9988499811287276
386,0.9988582571945902
387,0.9988660514347006
388,0.9988743275005634
389,0.9988823768248956
390,0.9988903552924995
391,0.9988981353612643
392,0.9989061988569421
393,0.9989133128724611
394,0.998921291340065
395,0.9989291989509407
396,0.9989362421097313
397,0.9989437529229286
398,0.998950810253065
399,0.9989579526112752
400,0.9989653925677442
401,0.9989719964148196
402,0.9989791529443756
403,0.9989862102745118
404,0.9989927857788959
405,0.998999729738267
406,0.9990066311836011
407,0.9990124130926284
408,0.999019626307567
409,0.9990261592979142
410,0.9990327206309525
411,0.9990394378487931
412,0.9990458291256836
413,0.9990521920598829
414,0.9990583282525516
415,0.9990647620434792
416,0.9990714934326654
417,0.9990779980803212
418,0.9990840350735704
419,0.9990904688644978
420,0.9990969876834993
421,0.9991033506176985
422,0.9991094017822933
423,0.9991153679188142
424,0.999121008114385
425,0.9991266057959188
426,0.9991325010757114
427,0.9991381696139735
428,0.9991442632926053
429,0.9991498751454848
430,0.9991556570545121
431,0.9991610705085525
432,0.9991664697912471
433,0.9991717982172136
434,0.9991770132724147
435,0.9991818457012831
436,0.9991866923014973
437,0.999191921528044
438,0.9991970515551712
439,0.9992019831834593
440,0.9992070565252039
441,0.9992124416365529
442,0.9992169764671626
443,0.999221851410068
444,0.9992263153839495
445,0.9992310627847439
446,0.9992357676715016
447,0.9992408835272831
448,0.9992458009842254
449,0.9992506759271309
450,0.9992554516706167
451,0.9992600715293003
452,0.9992647480733666
453,0.9992696088449263
454,0.9992741578468817
455,0.9992784092505783
456,0.9992826323115835
457,0.9992873797123781
458,0.9992922404839378
459,0.9992961942893757
460,0.9993003464936526
461,0.9993044703552384
462,0.9993084666747132
463,0.9993124488228423
464,0.9993164167996258
465,0.999320682374668
466,0.9993245936660688
467,0.9993286324995806
468,0.9993330114453881
469,0.9993368235373694
470,0.9993403805451289
471,0.9993439800669253
472,0.999348188956585
473,0.9993521994474054
474,0.9993556430843996
475,0.99935965357522
476,0.9993638766362254
477,0.9993678304416632
478,0.9993716850476814
479,0.9993758372519584
480,0.9993792383749157
481,0.999382922924786
482,0.9993864090758172
483,0.9993898385414658
484,0.9993936506334471
485,0.999397108441787
486,0.99940084967704
487,0.9994044633701821
488,0.9994082329481264
489,0.9994114781862815
490,0.9994143549694495
491,0.9994175151795306
492,0.9994209304738335
493,0.9994244591389017
494,0.9994278460905133
495,0.9994312330421249
496,0.9994342231960582
497,0.9994379219172742
498,0.9994410396133184
499,0.9994441714807082
500,0.9994472891767524
501,0.9994501943026117
502,0.9994529860577058
503,0.9994560328970217
504,0.9994588813374984
505,0.9994616589212468
506,0.9994645640471062
507,0.999467327459509
508,0.9994699491584552
509,0.9994731943966102
510,0.9994759011236304
511,0.9994794864740812
512,0.999482292400521
513,0.9994853250684912
514,0.9994878192253265
515,0.9994906393231119
516,0.9994931334799473
517,0.9994960102631153
518,0.9994984335632223
519,0.999500913548712
520,0.9995035919330408
521,0.9995065820869741
522,0.9995092321286116
523,0.9995115987433361
524,0.9995144330124671
525,0.999516700427772
526,0.9995192370986443
527,0.9995213344578012
528,0.999523644387143
529,0.9995258692884109
530,0.9995282784171724
531,0.9995306308605512
532,0.9995331675314234
533,0.9995356050028762
534,0.9995381133310571
535,0.9995404941171272
536,0.9995429174172342
537,0.9995454399167609
538,0.9995476364753375
539,0.9995498472052597
540,0.9995521854772929
541,0.999554438721252
542,0.9995569328780873
543,0.9995591577793552
544,0.9995614110233144
545,0.9995637209526562
546,0.9995658891685415
547,0.9995681424125007
548,0.999570636569336
549,0.9995728756419495
550,0.9995749021443783
551,0.9995772262450657
552,0.999579351946914
553,0.9995816051908732
554,0.9995838300921411
555,0.9995857715664959
556,0.9995877555548877
557,0.999590249711723
558,0.9995923612422256
559,0.9995946428288761
560,0.9995969952722549
561,0.9995989367466096
562,0.9996008073642362
563,0.9996022670128386
564,0.9996042510012304
565,0.9996063908744243
566,0.9996082473207052
567,0.999610146281023
568,0.9996124703817104
569,0.9996143693420283
570,0.9996161124175439
571,0.9996180113778617
572,0.9996198819954881
573,0.9996218376411886
574,0.9996236657447781
575,0.9996253096208741
576,0.9996273786373399
577,0.9996293626257315
578,0.9996310065018276
579,0.9996327637486888
580,0.9996342517399827
581,0.9996360940149178
582,0.9996382622308031
583,0.9996397218794055
584,0.9996415074689581
585,0.9996429954602519
586,0.9996447952211501
587,0.9996464390972462
588,0.9996479412598857
589,0.9996495142792534
590,0.9996510872986211
591,0.9996529579162476
592,0.9996545309356153
593,0.9996561606403657
594,0.9996577761737704
595,0.9996593066791012
596,0.9996607663277036
597,0.9996621551195779
598,0.9996636005968347
599,0.9996655704138808
600,0.9996670584051747
601,0.9996684897110858
602,0.9996699777023796
603,0.9996715365504016
604,0.9996729395136216
605,0.9996746259037546
606,0.999676085552357
607,0.9996776160576878
608,0.9996791749057099
609,0.9996804219841275
610,0.9996816832338908
611,0.9996831853965303
612,0.999684389960911
613,0.9996856937247113
614,0.9996869266317834
615,0.999688216224238
616,0.9996897183868775
617,0.9996911213500973
618,0.9996923542571693
619,0.9996937005350066
620,0.9996949050993873
621,0.999696109663768
622,0.9996976118264074
623,0.9996989297615534
624,0.9997005027809212
625,0.9997017498593388
626,0.9997027418535346
627,0.9997041448167545
628,0.9997058878922701
629,0.9997071916560704
630,0.999708396220451
631,0.9997095724421405
632,0.9997109187199777
633,0.9997124633966542
634,0.999713540418924
635,0.9997149008681069
636,0.9997162329745984
637,0.9997175650810901
638,0.9997188121595078
639,0.9997199458671602
640,0.9997211079175039
641,0.9997223266532302
642,0.9997234745322283
643,0.9997244240123873
644,0.9997256427481136
645,0.9997268614838399
646,0.9997279526774554
647,0.9997289730143426
648,0.9997298516377732
649,0.9997309995167712
650,0.9997321899098063
651,0.9997333377888044
652,0.9997342447549263
653,0.9997354351479614
654,0.9997364979988855
655,0.9997375041644271
656,0.9997385953580425
657,0.9997399416358798
658,0.9997411603716061
659,0.9997423224219498
660,0.9997431301886522
661,0.9997441930395764
662,0.9997451992051178
663,0.9997463754268072
664,0.999747494963114
665,0.9997484444432729
666,0.9997497482070732
667,0.999750952771454
668,0.9997519022516128
669,0.9997528092177348
670,0.9997539145826959
671,0.9997549632622744
672,0.9997558985710876
673,0.9997568905652835
674,0.9997577408460229
675,0.9997587328402187
676,0.9997596964917232
677,0.9997606034578452
678,0.999761595452041
679,0.9997627291596934
680,0.9997637494965806
681,0.9997645430919374
682,0.999765379201331
683,0.9997663711955269
684,0.9997674482177967
685,0.9997684543833382
686,0.9997693896921515
687,0.9997704808857669
688,0.9997714161945802
689,0.9997722948180108
690,0.999773272640861
691,0.9997742362923656
692,0.9997751149157962
693,0.999775865997116
694,0.9997768154772748
695,0.9997776232439772
696,0.9997782751258774
697,0.9997792387773818
698,0.9997800465440843
699,0.9997809393388605
700,0.9997818179622912
701,0.9997825548722652
702,0.9997833626389676
703,0.9997840570349047
704,0.9997850632004462
705,0.9997858142817659
706,0.9997864945063574
707,0.9997872172449859
708,0.9997879683263056
709,0.9997889036351189
710,0.9997896688877842
711,0.9997905191685235
712,0.999791241907152
713,0.9997920496738543
714,0.9997928290978653
715,0.9997938636060981
716,0.9997945863447266
717,0.9997953799400833
718,0.9997962443921682
719,0.9997970521588706
720,0.9997977465548077
721,0.9997985826642014
722,0.9997991636893733
723,0.9997999289420386
724,0.9998008075654693
725,0.999801558646789
726,0.9998022530427261
727,0.9998029899527001
728,0.9998037552053656
729,0.9998046338287961
730,0.999805384910116
731,0.9998060651347074
732,0.9998066319885336
733,0.9998072271850511
734,0.9998078932382969
735,0.9998083750640492
736,0.999808998603258
737,0.9998098063699603
738,0.9998105432799345
739,0.9998113510466368
740,0.9998119462431543
741,0.9998126122964001
742,0.9998133066923373
743,0.9998139018888548
744,0.9998146529701745
745,0.9998153898801485
746,0.9998159142199378
747,0.9998164669024183
748,0.9998171187843184
749,0.9998178698656383
750,0.9998185075761927
751,0.9998191311154015
752,0.9998198680253756
753,0.9998204915645844
754,0.9998212284745586
755,0.9998218236710761
756,0.9998225038956675
757,0.9998231274348763
758,0.9998236942887025
759,0.9998242186284918
760,0.999824827996355
761,0.9998254940496007
762,0.9998260467320813
763,0.999826755299364
764,0.9998271946110794
765,0.9998276480941404
766,0.9998283708327688
767,0.9998292069421625
768,0.9998298871667539
769,0.9998304115065432
770,0.9998311342451716
771,0.999831771955726
772,0.9998321970960957
773,0.9998327639499219
774,0.9998333449750938
775,0.999833954342957
776,0.9998346062248571
777,0.9998352581067572
778,0.9998358391319291
779,0.999836420157101
780,0.9998369444968902
781,0.9998375255220621
782,0.9998381207185796
783,0.9998385742016406
784,0.9998391693981581
785,0.9998396512239104
786,0.999840161392354
787,0.9998407424175259
788,0.9998412809286608
789,0.9998417485830674
790,0.9998426130351523
791,0.9998430240041764
792,0.9998436050293482
793,0.9998440585124092
794,0.9998445119954702
795,0.9998449938212224
796,0.9998454047902464
797,0.9998459716440726
798,0.9998466518686641
799,0.999847105351725
800,0.9998478139190078
801,0.9998482248880318
802,0.999848876769932
803,0.9998493444243386
804,0.9998498404214365
805,0.9998502372191149
806,0.9998506481881388
807,0.9998510591571629
808,0.9998515834969521
809,0.9998520228086675
810,0.999852575491148
811,0.9998532698870851
812,0.9998538650836026
813,0.9998542193672441
814,0.9998546870216507
815,0.9998553247322052
816,0.9998557357012291
817,0.9998560474708336
818,0.9998563734117837
819,0.9998568410661902
820,0.9998572378638686
821,0.9998576771755839
822,0.9998582723721015
823,0.9998586833411255
824,0.9998591935095691
825,0.9998599020768518
826,0.9998602988745301
827,0.9998607381862454
828,0.999860964927776
829,0.9998613617254543
830,0.9998616593237131
831,0.9998622403488849
832,0.9998625946325264
833,0.9998631898290439
834,0.9998636149694135
835,0.9998639975957462
836,0.9998642810226593
837,0.9998645927922637
838,0.9998650604466703
839,0.999865528101077
840,0.9998660524408662
841,0.9998663642104706
842,0.9998669452356425
843,0.9998674695754317
844,0.9998677813450362
845,0.9998681498000231
846,0.9998686457971211
847,0.999868900881343
848,0.9998694252211322
849,0.9998698503615018
850,0.9998701904737975
851,0.9998706297855129
852,0.9998710124118455
853,0.9998713525241413
854,0.9998718626925849
855,0.9998721177768066
856,0.9998724862317937
857,0.9998727696587069
858,0.9998731381136938
859,0.9998735349113722
860,0.9998738041669396
861,0.999874200964618
862,0.9998744985628768
863,0.9998749095319007
864,0.9998753488436161
865,0.9998758164980227
866,0.9998761282676271
867,0.9998765250653054
868,0.9998768935202925
869,0.9998773186606622
870,0.9998777296296861
871,0.9998779705425623
872,0.9998782964835123
873,0.9998786791098451
874,0.9998790900788691
875,0.9998795577332756
876,0.9998798269888431
877,0.9998800820730649
878,0.9998803938426694
879,0.9998806347555454
880,0.9998808898397673
881,0.9998812441234086
882,0.9998814850362848
883,0.9998818960053089
884,0.9998821085754936
885,0.9998824912018264
886,0.9998828879995046
887,0.9998832422831461
888,0.9998835682240962
889,0.9998838799937005
890,0.9998842484486876
891,0.9998846027323289
892,0.9998850845580812
893,0.9998852971282661
894,0.9998854955271053
895,0.9998859773528576
896,0.999886246608425
897,0.9998866292347577
898,0.9998869126616707
899,0.9998873378020404
900,0.9998878196277927
901,0.9998880321979775
902,0.9998882305968168
903,0.9998886982512234
904,0.9998890100208278
905,0.9998892651050496
906,0.9998895910459996
907,0.9998898177875302
908,0.9998901295571345
909,0.9998903846413564
910,0.9998907105823064
911,0.9998910648659478
912,0.9998912490934413
913,0.9998915325203545
914,0.9998917309191936
915,0.999891957660724
916,0.9998921844022546
917,0.9998924253151307
918,0.9998927654274264
919,0.9998930346829938
920,0.9998932897672157
921,0.9998936157081657
922,0.9998938282783506
923,0.999894055019881
924,0.9998944093035225
925,0.9998946643877442
926,0.9998950470140769
927,0.999895287926953
928,0.9998956280392488
929,0.9998959823228901
930,0.9998962515784576
931,0.9998965066626794
932,0.9998968326036295
933,0.9998973002580361
934,0.9998975695136035
935,0.999897838769171
936,0.9998981221960841
937,0.999898334766269
938,0.9998985048224168
939,0.9998988307633668
940,0.9998990575048974
941,0.9998993267604648
942,0.999899525159304
943,0.9998997944148714
944,0.9999001061844759
945,0.9999004462967716
946,0.9999006305242651
947,0.9999009706365608
948,0.999901254063474
949,0.9999014808050044
950,0.9999018350886458
951,0.9999022035436328
952,0.999902444456509
953,0.9999027562261134
954,0.9999029687962983
955,0.9999031671951374
956,0.9999034506220505
957,0.9999037340489636
958,0.9999039749618398
959,0.9999042300460615
960,0.999904456787592
961,0.9999047543858508
962,0.9999049527846899
963,0.9999051653548748
964,0.9999054629531335
965,0.9999056755233184
966,0.9999059447788858
967,0.9999061573490706
968,0.9999063840906012
969,0.9999065824894403
970,0.9999068234023165
971,0.9999069934584643
972,0.9999071635146122
973,0.9999074044274884
974,0.9999076311690188
975,0.9999078720818949
976,0.9999080704807342
977,0.9999082972222646
978,0.9999085664778321
979,0.9999089065901278
980,0.9999090766462757
981,0.9999092750451148
982,0.9999094025872257
983,0.9999095584720279
984,0.9999097852135584
985,0.9999099410983606
986,0.9999101678398911
987,0.999910337896039
988,0.9999105646375694
989,0.9999108480644826
990,0.9999110039492848
991,0.9999112732048522
992,0.9999114999463827
993,0.9999117975446414
994,0.999911981772135
995,0.9999122085136655
996,0.999912350227122
997,0.9999125202832699
998,0.9999126336540352
999,0.9999129170809482
1000,0.9999132713645896
1001,0.9999134130780462
1002,0.9999136114768854
1003,0.9999137815330332
1004,0.9999139799318724
1005,0.9999143767295507
1006,0.9999146034710812
1007,0.9999148160412661
1008,0.9999150427827965
1009,0.99991522701029
1010,0.9999156521506597
1011,0.9999158222068075
1012,0.9999160064343011
1013,0.9999161481477576
1014,0.9999163465465968
1015,0.999916544945436
1016,0.9999167150015839
1017,0.9999168142010034
1018,0.99991695591446
1019,0.9999172818554101
1020,0.9999174660829035
1021,0.9999176361390515
1022,0.9999178061951993
1023,0.9999180754507667
1024,0.9999183021922973
1025,0.9999185147624821
1026,0.9999186281332473
1027,0.999918727332667
1028,0.9999189399028517
1029,0.9999190674449626
1030,0.9999192375011104
1031,0.9999194358999497
1032,0.9999196201274432
1033,0.9999198185262824
1034,0.999919960239739
1035,0.9999201161245411
1036,0.9999202153239607
1037,0.9999204278941456
1038,0.9999206404643304
1039,0.9999208813772065
1040,0.9999211222900827
1041,0.9999213348602675
1042,0.9999215474304524
1043,0.9999217316579458
1044,0.9999218450287111
1045,0.9999220292562045
1046,0.9999221709696612
1047,0.9999222985117721
1048,0.9999224543965742
1049,0.9999226244527221
1050,0.999922837022907
1051,0.9999230354217461
1052,0.999923162963857
1053,0.9999233613626962
1054,0.999923573932881
1055,0.9999238148457572
1056,0.999923984901905
1057,0.9999241691293985
1058,0.9999243533568921
1059,0.999924480899003
1060,0.9999245659270769
1061,0.999924806839953
1062,0.999924934382064
1063,0.9999251327809031
1064,0.999925217808977
1065,0.9999253595224336
1066,0.9999254870645445
1067,0.9999256287780011
1068,0.9999258130054945
1069,0.9999259688902967
1070,0.9999261106037534
1071,0.9999262381458642
1072,0.9999264365447034
1073,0.999926620772197
1074,0.9999267483143078
1075,0.9999268333423817
1076,0.999926946713147
1077,0.9999271025979491
1078,0.9999272301400601
1079,0.9999273293394797
1080,0.9999274285388993
1081,0.9999275419096645
1082,0.9999276552804297
1083,0.999927853679269
1084,0.9999279245359972
1085,0.9999281654488733
1086,0.9999282929909842
1087,0.9999284772184778
1088,0.9999285764178973
1089,0.9999288031594278
1090,0.9999289448728844
1091,0.999929044072304
1092,0.9999291857857605
1093,0.999929327499217
1094,0.9999294408699823
1095,0.9999295967547845
1096,0.9999297101255498
1097,0.9999298801816976
1098,0.9999300218951542
1099,0.9999301777799564
1100,0.999930276979376
1101,0.9999304186928325
1102,0.9999305037209064
1103,0.9999306170916717
1104,0.9999308013191652
1105,0.9999309288612761
1106,0.99993101388935
1107,0.9999311272601152
1108,0.9999312406308806
1109,0.9999314106870284
1110,0.9999316090858675
1111,0.9999317366279785
1112,0.9999318925127807
1113,0.9999320625689285
1114,0.9999322184537307
1115,0.9999323601671873
1116,0.9999324593666069
1117,0.9999325302233352
1118,0.9999326861081373
1119,0.9999328136502482
1120,0.9999329128496679
1121,0.9999329978777418
1122,0.999933153762544
1123,0.9999332954760005
1124,0.9999333238186918
1125,0.9999334513608028
1126,0.999933607245605
1127,0.9999336781023332
1128,0.9999337914730985
1129,0.9999338765011724
1130,0.999934060728666
1131,0.9999341740994312
1132,0.9999343016415421
1133,0.9999344150123073
1134,0.9999344716976899
1135,0.9999345992398009
1136,0.9999347409532574
1137,0.9999349818661335
1138,0.9999350385515161
1139,0.9999351377509358
1140,0.9999353219784293
1141,0.9999354636918858
1142,0.9999355345486141
1143,0.9999355912339967
1144,0.9999356479193793
1145,0.9999356904334163
1146,0.999935747118799
1147,0.9999358321468729
1148,0.9999359455176381
1149,0.999936030545712
1150,0.9999361722591685
1151,0.9999362572872426
1152,0.9999366399135752
1153,0.999936767455686
1154,0.9999369091691427
1155,0.9999371075679818
1156,0.9999372067674014
1157,0.9999372917954753
1158,0.9999374051662406
1159,0.9999375043656602
1160,0.9999376319077711
1161,0.9999377736212276
1162,0.9999378444779559
1163,0.9999380003627582
1164,0.9999381420762147
1165,0.9999382696183255
1166,0.9999383829890908
1167,0.999938453845819
1168,0.9999386097306213
1169,0.9999386805873496
1170,0.9999387797867691
1171,0.9999388931575344
1172,0.999938949842917
1173,0.999939077385028
1174,0.9999391057277193
1175,0.9999392190984845
1176,0.9999393182979041
1177,0.9999394316686693
1178,0.9999395308680888
1179,0.9999396725815455
1180,0.9999398284663477
1181,0.9999400693792238
1182,0.9999401685786433
1183,0.999940267778063
1184,0.9999403669774826
1185,0.9999404236628652
1186,0.9999404520055565
1187,0.9999405653763217
1188,0.9999406504043956
1189,0.9999407354324695
1190,0.9999407779465066
1191,0.9999409054886175
1192,0.9999410330307283
1193,0.999941089716111
1194,0.9999411747441849
1195,0.9999412456009131
1196,0.999941330628987
1197,0.9999414014857154
1198,0.9999414865137893
1199,0.9999416140559002
1200,0.9999418407974306
1201,0.9999419399968503
1202,0.9999420108535786
1203,0.9999421525670351
1204,0.9999423367945286
1205,0.9999424785079852
1206,0.9999425493647135
1207,0.9999426485641331
1208,0.9999427477635526
1209,0.9999428327916265
1210,0.9999429178197005
1211,0.9999429745050831
1212,0.9999430595331571
1213,0.9999431729039223
1214,0.9999433146173788
1215,0.9999433854741071
1216,0.9999434563308354
1217,0.9999435697016006
1218,0.9999436972437116
1219,0.9999437964431311
1220,0.9999438389571681
1221,0.9999439948419703
1222,0.9999440798700442
1223,0.9999441082127355
1224,0.9999442499261921
1225,0.9999444483250313
1226,0.9999445758671421
1227,0.9999446183811791
1228,0.9999448167800183
1229,0.9999449301507836
1230,0.9999449726648205
1231,0.9999450293502031
1232,0.9999457379174859
1233,0.9999457946028685
1234,0.9999459079736338
1235,0.9999460071730534
1236,0.9999461347151642
1237,0.9999461630578556
1238,0.9999462055718925
1239,0.9999463047713121
1240,0.9999463756280403
1241,0.9999465598555339
1242,0.9999466023695709
1243,0.9999467015689905
1244,0.9999467865970644
1245,0.999946843282447
1246,0.9999468857964839
1247,0.9999469991672492
1248,0.9999470983666688
1249,0.9999471833947428
1250,0.999947296765508
1251,0.9999473392795449
1252,0.9999474809930015
1253,0.9999475660210754
1254,0.999947707734532
1255,0.9999478069339516
1256,0.9999479061333711
1257,0.9999480195041364
1258,0.9999481470462473
1259,0.9999482320743213
1260,0.9999482745883582
1261,0.9999483029310495
1262,0.999948487158543
1263,0.9999485155012343
1264,0.9999486288719995
1265,0.9999487705854562
1266,0.9999488839562214
1267,0.9999489973269866
1268,0.9999490965264062
1269,0.9999491390404431
1270,0.999949224068517
1271,0.9999492382398627
1272,0.9999493374392824
1273,0.9999494224673563
1274,0.9999494791527389
1275,0.9999495925235041
1276,0.9999496633802324
1277,0.9999497058942693
1278,0.9999497909223433
1279,0.9999500034925282
1280,0.9999500743492564
1281,0.9999501168632934
1282,0.999950173548676
1283,0.9999503861188608
1284,0.9999504144615522
1285,0.9999505278323174
1286,0.9999506412030826
1287,0.9999506837171196
1288,0.9999508254305761
1289,0.9999508962873044
1290,0.999951038000761
1291,0.9999511513715262
1292,0.9999511797142175
1293,0.9999512363996002
1294,0.9999513214276741
1295,0.999951363941711
1296,0.9999514631411306
1297,0.9999515339978589
1298,0.9999516615399698
1299,0.9999517465680438
1300,0.999951859938809
1301,0.9999518882815003
1302,0.9999519874809198
1303,0.9999521008516851
1304,0.9999522425651417
1305,0.9999522992505243
1306,0.9999523842785982
1307,0.9999524551353265
1308,0.9999525685060917
1309,0.9999527102195483
1310,0.9999527952476223
1311,0.9999529511324244
1312,0.9999529936464614
1313,0.9999530219891527
1314,0.999953050331844
1315,0.9999531637026092
1316,0.9999532912447202
1317,0.9999533337587572
1318,0.9999534329581767
1319,0.999953461300868
1320,0.9999535179862507
1321,0.9999536030143246
1322,0.9999537305564354
1323,0.9999538155845095
1324,0.9999538580985464
1325,0.999953914783929
1326,0.9999539714693116
1327,0.9999540281546943
1328,0.9999541131827682
1329,0.9999541982108421
1330,0.9999542690675703
1331,0.999954325752953
1332,0.999954410781027
1333,0.9999544958091009
1334,0.9999545241517922
1335,0.9999545808371748
1336,0.9999546091798661
1337,0.9999546233512118
1338,0.9999546800365944
1339,0.9999547225506313
1340,0.9999547650646683
1341,0.9999548784354335
1342,0.9999549776348532
1343,0.9999550768342728
1344,0.9999551193483097
1345,0.9999552043763836
1346,0.9999552894044575
1347,0.9999553035758032
1348,0.9999553602611858
1349,0.999955473631951
1350,0.9999555303173338
1351,0.9999555728313707
1352,0.9999556295167533
1353,0.9999556862021359
1354,0.9999557287161729
1355,0.9999557854015555
1356,0.9999558137442468
1357,0.9999558562582838
1358,0.999955927115012
1359,0.9999559979717403
1360,0.9999561255138513
1361,0.9999561680278882
1362,0.9999562247132708
1363,0.9999562813986534
1364,0.9999562955699991
1365,0.9999563097413448
1366,0.9999563947694187
1367,0.99995642311211
1368,0.9999566215109491
1369,0.9999567207103688
1370,0.9999568057384427
1371,0.9999568624238253
1372,0.9999569191092079
1373,0.9999570466513188
1374,0.9999571316793927
1375,0.9999571741934297
1376,0.9999572308788124
1377,0.9999573017355406
1378,0.9999573584209233
1379,0.9999574292776515
1380,0.9999575851624537
1381,0.9999575993337994
1382,0.9999576701905276
1383,0.9999577410472559
1384,0.9999577977326386
1385,0.9999578260753299
1386,0.9999578827607125
1387,0.9999579394460951
1388,0.9999580103028234
1389,0.999958066988206
1390,0.9999580953308973
1391,0.999958109502243
1393,0.9999581803589712
1394,0.9999582937297364
1395,0.9999583079010821
1396,0.9999584071005018
1397,0.9999584637858844
1398,0.999958520471267
1399,0.999958562985304
1400,0.9999586621847235
1401,0.9999587755554887
1402,0.9999588180695257
1403,0.9999589030975996
1404,0.9999589456116367
1405,0.9999590022970193
1406,0.9999590873250932
1407,0.9999591298391302
1408,0.9999591440104758
1409,0.9999591865245128
1410,0.9999592715525867
1411,0.9999593849233519
1412,0.9999594841227716
1413,0.9999595408081542
1414,0.9999595691508455
1415,0.9999595833221911
1416,0.9999596541789194
1417,0.999959710864302
1418,0.999959753378339
1419,0.9999598525777585
1420,0.9999598950917955
1421,0.9999599234344868
1422,0.9999599659485238
1423,0.9999600651479434
1424,0.9999601076619804
1425,0.999960164347363
1426,0.9999601785187087
1427,0.9999602635467826
1428,0.9999603060608195
1429,0.9999603627462021
1430,0.9999604477742761
1431,0.9999604619456217
1432,0.9999605186310043
1433,0.999960617830424
1435,0.9999606745158066
1436,0.9999606886871523
1437,0.9999607312011892
1438,0.9999607737152262
1439,0.9999608304006088
1440,0.9999609154286827
1441,0.9999609721140653
1442,0.9999610146281023
1443,0.9999610713134849
1444,0.9999610854848305
1445,0.9999611138275218
1446,0.9999611279988675
1447,0.9999611846842502
1448,0.9999612271982872
1449,0.9999612555409785
1450,0.9999613122263611
1451,0.999961354740398
1452,0.9999613830830894
1453,0.9999614964538546
1455,0.9999615814819285
1456,0.9999616239959654
1457,0.9999616948526937
1458,0.999961808223459
1459,0.999961850737496
1460,0.9999619357655699
1461,0.9999619924509525
1463,0.9999620207936438
1465,0.9999620491363351
1466,0.9999620633076808
1468,0.9999621199930634
1469,0.999962219192483
1470,0.9999622758778656
1471,0.9999623467345939
1472,0.9999624317626679
1473,0.9999624742767048
1474,0.9999625167907418
1475,0.9999625734761244
1476,0.9999626443328526
1477,0.9999627293609266
1478,0.9999628002176548
1479,0.9999628710743831
1480,0.9999629561024571
1481,0.9999629844451484
1482,0.999963041130531
1483,0.999963083644568
1484,0.9999631545012962
1486,0.9999631970153332
1487,0.9999632395293702
1488,0.9999632820434071
1489,0.9999633387287897
1490,0.9999633954141723
1491,0.9999634379282093
1492,0.9999634804422464
1493,0.9999635512989746
1494,0.9999635938130116
1495,0.9999636079843572
1496,0.9999636504983942
1497,0.9999637071837768
1498,0.9999637780405051
1499,0.9999638772399246
1500,0.9999639339253072
1501,0.9999639480966529
1502,0.9999640331247269
1503,0.9999640756387639
1505,0.9999641039814552
1506,0.9999641606668378
1507,0.9999641890095291
1508,0.9999642173522204
1509,0.9999642456949117
1510,0.9999643023802943
1511,0.9999643732370226
1512,0.9999644724364422
1514,0.9999645432931704
1515,0.9999645858072075
1516,0.999964727520664
1517,0.9999647416920097
1519,0.9999648267200836
1520,0.9999648408914292
1521,0.9999648975768118
1522,0.9999649400908488
1523,0.9999649967762314
1524,0.9999650109475771
1525,0.9999650392902684
1526,0.9999651101469966
1527,0.9999651668323793
1528,0.9999652093464163
1529,0.9999652660317989
1530,0.9999653227171815
1531,0.9999653935739098
1532,0.999965464430638
1533,0.9999654927733294
1534,0.9999655636300576
1535,0.9999655778014033
1536,0.9999656770008228
1538,0.9999657053435141
1539,0.9999657478575512
1540,0.9999658045429338
1541,0.9999658470569708
1542,0.9999658895710077
1543,0.9999659320850447
1544,0.9999659462563903
1546,0.9999659745990817
1547,0.9999659887704273
1548,0.9999660171131186
1550,0.9999660312844643
1551,0.9999661163125382
1552,0.9999661304838838
1553,0.9999661729979208
1554,0.9999662296833034
1555,0.9999663005400318
1556,0.9999663572254144
1558,0.9999663855681057
1559,0.9999663997394513
1560,0.999966456424834
1561,0.9999664847675253
1562,0.9999665556242535
1563,0.9999665697955992
1564,0.9999666548236731
1566,0.99996669733771
1567,0.999966739851747
1568,0.9999667965371296
1569,0.9999668532225123
1570,0.9999669240792406
1571,0.9999669382505862
1572,0.9999669807646232
1573,0.9999670657926971
1574,0.9999670799640428
1575,0.9999671224780797
1576,0.9999671791634623
1577,0.999967235848845
1578,0.9999673067055732
1580,0.9999673350482645
1582,0.9999674342476842
1583,0.9999674909330668
1584,0.9999675051044125
1585,0.9999675192757581
1586,0.999967604303832
1587,0.999967646817869
1588,0.9999676609892146
1589,0.9999677035032516
1590,0.9999677318459429
1591,0.9999678310453625
1592,0.9999678877307451
1593,0.9999679160734364
1594,0.999967930244782
1595,0.9999679869301648
1596,0.999968057786893
1597,0.99996810030093
1598,0.9999681711576582
1600,0.9999682278430408
1601,0.9999682561857322
1602,0.9999683270424604
1603,0.999968383727843
1604,0.9999683978991887
1605,0.99996842624188
1606,0.9999684545845713
1607,0.9999684970986082
1608,0.9999685112699539
1609,0.999968553783991
1610,0.9999686246407192
1611,0.9999686529834105
1612,0.9999687096687931
1613,0.9999687521828301
1615,0.9999687805255214
1616,0.9999687946968671
1617,0.9999688230395584
1618,0.9999688938962866
1619,0.9999689505816692
1620,0.9999689930957062
1621,0.9999690356097432
1622,0.9999690639524345
1623,0.9999691064664714
1624,0.9999691206378172
1625,0.9999691348091628
1626,0.9999691631518541
1627,0.9999691914945454
1628,0.9999692340085824
1629,0.9999692623512737
1630,0.999969333208002
1632,0.9999693615506933
1633,0.9999694040647302
1634,0.9999694182360759
1635,0.9999694749214585
1636,0.9999695316068411
1637,0.9999695457781868
1638,0.9999696874916434
1639,0.999969701662989
1640,0.9999697583483717
1641,0.9999698150337543
1643,0.9999698575477912
1644,0.9999698858904825
1645,0.9999699142331738
1646,0.9999699567472108
1647,0.9999699709185564
1648,0.999970027603939
1649,0.9999700559466304
1650,0.999970112632013
1651,0.9999701268033586
1652,0.9999701693173956
1653,0.9999701834887412
1654,0.9999701976600869
1655,0.9999702543454696
1656,0.9999704952583457
1658,0.999970523601037
1659,0.9999705377723827
1660,0.9999705802864196
1661,0.9999706511431479
1662,0.9999706653144935
1663,0.9999706794858392
1664,0.9999707219998761
1665,0.9999707503425674
1666,0.9999707928566044
1667,0.99997080702795
1668,0.9999708495419871
1669,0.9999708778846784
1671,0.9999709062273697
1672,0.9999709487414067
1673,0.9999709912554436
1674,0.9999710337694806
1675,0.9999710479408263
1676,0.9999710621121719
1677,0.9999711471402458
1678,0.9999711754829371
1679,0.9999711896542828
1680,0.9999712179969741
1681,0.9999712321683197
1682,0.9999712746823567
1683,0.9999712888537023
1684,0.9999713171963936
1686,0.999971345539085
1687,0.9999714163958133
1690,0.999971430567159
1691,0.9999715014238872
1692,0.9999715155952329
1693,0.9999715297665785
1694,0.9999715722806155
1695,0.9999716006233068
1696,0.9999716147946525
1697,0.9999716289659981
1698,0.9999716431373438
1699,0.9999716573086894
1701,0.9999716998227264
1702,0.9999717281654177
1703,0.999971756508109
1704,0.9999717706794546
1707,0.999971799022146
1708,0.9999718131934916
1709,0.9999718557075286
1710,0.9999718840502199
1712,0.9999718982215655
1713,0.9999719123929112
1714,0.9999719265642568
1715,0.9999719407356025
1718,0.9999719690782939
1719,0.9999719974209852
1721,0.9999720257636765
1722,0.9999720399350222
1724,0.9999720541063678
1725,0.9999720682777135
1726,0.9999720824490591
1727,0.9999721249630961
1728,0.9999721533057874
1729,0.9999721958198243
1730,0.9999722525052069
1731,0.9999723091905895
1732,0.9999723233619352
1733,0.9999723658759722
1734,0.9999723800473178
1735,0.9999724225613548
1736,0.9999724367327004
1737,0.9999724509040461
1738,0.9999724650753917
1739,0.999972493418083
1740,0.9999725359321201
1741,0.9999725501034658
1743,0.9999725642748114
1745,0.9999726067888484
1746,0.9999726351315397
1747,0.9999726493028853
1748,0.999972663474231
1749,0.9999727201596136
1751,0.9999727485023049
1752,0.9999727768449962
1753,0.9999728051876875
1754,0.9999728193590331
1755,0.9999728477017245
1756,0.9999728618730701
1757,0.9999729043871071
1758,0.9999729185584527
1759,0.999972946901144
1760,0.9999729752438353
1761,0.9999730035865266
1763,0.9999730602719092
1764,0.999973116957292
1765,0.9999731311286376
1766,0.9999731452999833
1768,0.9999731594713289
1769,0.9999731878140202
1770,0.9999732019853659
1771,0.9999732161567115
1772,0.9999732444994028
1774,0.9999733153561311
1776,0.9999733578701681
1777,0.9999733862128594
1780,0.999973442898242
1781,0.9999734570695876
1782,0.9999734712409333
1784,0.9999734854122789
1786,0.9999735279263159
1787,0.9999735704403528
1790,0.9999736129543898
1791,0.9999736271257355
1793,0.9999736838111182
1794,0.9999737263251551
1795,0.9999737688391921
1796,0.9999737971818834
1797,0.999973811353229
1798,0.9999738255245747
1799,0.999973853867266
1800,0.9999738680386117
1801,0.999973896381303
1802,0.9999739530666856
1803,0.9999739814093769
1804,0.9999739955807225
1805,0.9999740097520682
1808,0.9999740806087964
1809,0.9999741089514878
1811,0.999974137294179
1814,0.9999741656368704
1815,0.999974179808216
1817,0.9999742081509073
1818,0.9999742223222531
1819,0.9999742364935987
1820,0.99997426483629
1822,0.9999742931789813
1824,0.999974307350327
1825,0.9999743215216726
1826,0.9999743640357096
1827,0.9999743923784009
1828,0.9999744065497466
1829,0.9999744774064748
1830,0.9999746899766596
1831,0.9999747466620422
1832,0.9999747608333879
1833,0.9999747750047335
1834,0.9999747891760793
1835,0.9999748175187706
1836,0.9999748600328076
1837,0.9999749025468445
1838,0.9999749308895358
1839,0.9999749592322271
1840,0.999975044260301
1841,0.9999750584316467
1842,0.9999751009456836
1843,0.9999751151170293
1844,0.9999751718024119
1845,0.9999752001451032
1846,0.9999752143164489
1847,0.9999752568304858
1848,0.9999752851731771
1849,0.9999752993445228
1850,0.9999754127152881
1852,0.9999754552293251
1853,0.9999755119147077
1854,0.999975540257399
1855,0.9999755969427816
1856,0.9999756394568186
1859,0.9999756536281642
1860,0.9999756677995099
1862,0.9999756819708555
1864,0.9999757528275838
1867,0.9999757669989294
1868,0.9999757953416207
1869,0.999975823684312
1870,0.999975866198349
1871,0.9999758945410403
1872,0.999975908712386
1873,0.9999759228837317
1874,0.9999759370550774
1877,0.999975951226423
1878,0.9999759653977687
1879,0.9999759795691143
1880,0.9999760220831513
1881,0.9999761071112252
1883,0.9999761354539165
1885,0.9999761637966078
1886,0.9999761921392991
1887,0.9999762063106448
1888,0.9999762204819904
1889,0.9999762346533361
1890,0.9999780202428886
1891,0.9999780344142343
1893,0.9999780627569256
1894,0.9999781194423082
1895,0.9999781336136538
1898,0.9999781619563451
1899,0.9999781761276908
1901,0.9999783036698018
1903,0.9999783178411474
1904,0.9999783886978757
1908,0.9999784737259496
1910,0.9999785020686409
1911,0.9999785304113322
1913,0.9999785587540235
1914,0.9999785729253692
1915,0.9999786154394061
1916,0.9999786437820974
1917,0.9999786579534431
1918,0.9999786721247887
1919,0.9999786862961344
1920,0.9999787146388257
1921,0.9999787854955541
1923,0.9999788138382454
1924,0.9999788563522823
1925,0.999978870523628
1926,0.9999788846949736
1927,0.9999789272090106
1929,0.9999789555517019
1930,0.9999789697230476
1931,0.9999789980657389
1932,0.9999790547511215
1933,0.9999790689224671
1935,0.9999790972651584
1936,0.9999791114365041
1937,0.9999791256078497
1939,0.9999791397791954
1940,0.9999792106359237
1941,0.999979238978615
1942,0.9999792531499606
1943,0.9999793098353432
1945,0.9999793381780346
1947,0.9999793665207259
1949,0.9999793806920716
1951,0.9999794232061086
1952,0.9999794373774542
1954,0.9999794515487999
1956,0.9999794657201455
1957,0.9999794940628368
1958,0.9999795224055281
1959,0.9999795649195651
1960,0.999979607433602
1962,0.9999796216049477
1963,0.9999796357762933
1964,0.999979649947639
1965,0.9999796782903303
1966,0.999979692461676
1967,0.9999797208043673
1968,0.9999797491470586
1969,0.9999797633184042
1970,0.9999797916610955
1971,0.9999798058324412
1972,0.9999798200037868
1974,0.9999798341751325
1975,0.9999798625178238
1977,0.9999798908605152
1978,0.9999799192032065
1979,0.9999799333745522
1981,0.9999799758885891
1982,0.9999799900599348
1983,0.9999800042312804
1984,0.9999800184026261
1985,0.9999800325739717
1987,0.9999800467453174
1990,0.9999800750880087
1991,0.9999801176020456
1992,0.9999801884587739
1993,0.9999802168014652
1995,0.9999802309728109
1998,0.9999803018295391
1999,0.9999803160008848
2000,0.999980386857613
2001,0.9999804152003043
2002,0.9999804435429956
2003,0.9999805002283784
2005,0.999980514399724
2006,0.9999805427424153
2008,0.999980556913761
2009,0.9999805710851066
2010,0.9999805852564523
2011,0.9999806135991436
2012,0.9999806277704892
2014,0.9999806561131805
2015,0.9999806702845262
2016,0.9999807411412545
2017,0.9999807694839458
2018,0.9999807836552914
2019,0.9999807978266371
2021,0.9999808261693284
2023,0.999980840340674
2024,0.9999808686833653
2026,0.999980882854711
2028,0.9999808970260566
2030,0.9999809253687479
2031,0.9999809537114392
2032,0.9999809678827849
2033,0.9999809820541306
2035,0.9999809962254762
2037,0.9999810103968219
2038,0.9999810387395133
2039,0.9999810529108589
2040,0.9999810670822046
2041,0.9999810812535502
2042,0.9999810954248959
2043,0.9999812087956611
2044,0.9999812371383524
2045,0.9999812513096981
2047,0.9999812654810437
2048,0.9999813505091176
2049,0.9999813788518089
2051,0.9999814071945002
2054,0.9999814355371915
2057,0.9999815205652655
2058,0.9999815489079568
2060,0.9999815914219938
2064,0.9999816055933395
2065,0.9999816197646851
2066,0.9999816481073764
2068,0.9999816764500677
2070,0.9999816906214134
2073,0.9999817189641047
2074,0.999981747306796
2075,0.9999817614781417
2076,0.9999817756494873
2077,0.999981789820833
2079,0.9999818039921786
2081,0.9999818181635243
2084,0.9999818606775612
2085,0.9999818748489069
2088,0.9999818890202525
2090,0.9999819173629438
2091,0.9999819457056351
2093,0.9999819598769808
2094,0.9999819740483264
2095,0.9999820165623634
2097,0.999982073247746
2100,0.9999820874190917
2101,0.9999821015904373
2102,0.9999821299331286
2103,0.9999821724471657
2104,0.9999822149612027
2105,0.9999822291325483
2106,0.9999822858179309
2107,0.9999823283319679
2110,0.9999823425033135
2111,0.9999823566746592
2112,0.9999823708460048
2113,0.9999824275313874
2115,0.9999824558740787
2117,0.9999824700454244
2119,0.99998248421677
2120,0.9999825409021527
2122,0.9999826117588809
2125,0.9999826259302266
2128,0.9999826401015722
2129,0.9999826684442635
2131,0.9999827251296463
2133,0.9999827818150289
2134,0.9999827959863745
2135,0.9999828243290658
2136,0.9999828385004115
2139,0.9999828526717571
2141,0.9999828951857941
2143,0.9999829093571397
2145,0.9999829235284854
2147,0.9999829518711767
2155,0.9999829660425223
2156,0.999982980213868
2158,0.9999830085565593
2159,0.9999830510705963
2161,0.9999830794132876
2163,0.9999830935846332
2165,0.9999831644413615
2167,0.9999831927840528
2168,0.9999832069553984
2170,0.9999832211267441
2173,0.9999832352980897
2174,0.9999832494694354
2177,0.999983263640781
2180,0.9999832778121267
2181,0.9999832919834725
2183,0.9999833061548181
2184,0.9999833203261638
2185,0.9999833628402007
2190,0.999983391182892
2192,0.9999834053542377
2193,0.999983433696929
2194,0.9999834478682746
2196,0.9999834620396203
2198,0.9999835045536573
2199,0.9999835187250029
2200,0.9999835328963486
2201,0.9999835470676942
2202,0.9999835612390399
2203,0.9999835895817312
2207,0.9999836037530768
2209,0.9999836179244225
2211,0.9999836320957681
2212,0.9999836604384594
2218,0.9999836887811507
2220,0.9999837029524964
2221,0.9999837312951877
2222,0.9999837454665333
2223,0.999983759637879
2226,0.9999837738092247
2227,0.9999837879805703
2231,0.9999838163232616
2232,0.9999838304946073
2237,0.9999838446659529
2238,0.9999838588372987
2239,0.9999838730086443
2241,0.9999839013513356
2244,0.9999839296940269
2246,0.9999839438653726
2247,0.9999839580367182
2250,0.9999839722080639
2252,0.9999839863794096
2260,0.9999840005507552
2262,0.9999840147221009
2263,0.9999840288934465
2266,0.9999840714074835
2269,0.9999840997501748
2273,0.9999842414636313
2274,0.999984255634977
2276,0.9999842698063226
2277,0.9999843123203596
2286,0.9999843264917052
2288,0.9999843548343965
2292,0.9999843690057422
2293,0.9999843831770878
2297,0.9999844256911249
2298,0.9999844398624705
2299,0.9999844682051618
2300,0.9999844823765075
2302,0.9999845107191988
2303,0.9999845248905445
2304,0.9999845390618901
2305,0.9999845674045814
2306,0.9999845957472727
2307,0.9999846099186184
2312,0.9999846524326553
2316,0.999984666604001
2318,0.9999846949466923
2319,0.9999847091180379
2320,0.9999848224888032
2323,0.9999848366601488
2324,0.9999848508314945
2325,0.9999848791741858
2326,0.9999848933455314
2331,0.9999849075168771
2333,0.9999849358595684
2337,0.999984950030914
2338,0.9999849642022597
2340,0.9999849783736053
2345,0.9999850067162968
2346,0.9999850208876424
2347,0.9999850492303337
2349,0.9999851059157163
2352,0.999985120087062
2353,0.9999851342584076
2361,0.9999851484297533
2366,0.9999851626010989
2367,0.9999851767724446
2371,0.9999851909437902
2374,0.9999852334578272
2378,0.9999852618005185
2379,0.9999852901432098
2380,0.9999853184859011
2383,0.9999853326572468
2384,0.9999853609999381
2385,0.9999853751712837
2386,0.9999853893426294
2388,0.999985403513975
2391,0.9999854176853207
2393,0.9999854601993576
2394,0.9999854743707033
2395,0.9999854885420489
2400,0.9999855027133946
2403,0.9999855168847402
2404,0.9999855310560859
2405,0.9999855593987773
2412,0.999985573570123
2418,0.9999856019128143
2420,0.9999856160841599
2422,0.9999856302555056
2426,0.9999856444268512
2427,0.9999856585981969
2432,0.9999856727695425
2436,0.9999856869408882
2437,0.9999857011122338
2439,0.9999857719689621
2441,0.9999858003116534
2443,0.9999858144829991
2444,0.9999858428256904
2446,0.9999859136824186
2447,0.9999859278537643
2448,0.9999859561964556
2449,0.9999859703678012
2451,0.9999859987104925
2454,0.9999860270531838
2456,0.9999860412245295
2457,0.9999860553958752
2460,0.9999860695672208
2462,0.9999860979099121
2468,0.9999861120812578
2469,0.9999861262526035
2470,0.9999861404239492
2472,0.9999861829379861
2474,0.9999862254520231
2475,0.9999862396233687
2477,0.99998626796606
2478,0.9999862821374057
2483,0.9999862963087514
2484,0.999986310480097
2488,0.9999863246514427
2491,0.9999863388227883
2492,0.999986352994134
2495,0.9999863671654796
2496,0.9999863955081709
2497,0.9999864238508622
2498,0.9999864380222079
2500,0.9999864521935535
2501,0.9999864805362448
2502,0.9999865372216274
2504,0.9999866080783557
2507,0.999986636421047
2510,0.9999866505923927
2511,0.999986678935084
2514,0.9999866931064297
2516,0.9999867072777754
2517,0.999986721449121
2520,0.9999867781345037
2521,0.999986806477195
2525,0.9999868206485406
2533,0.9999868348198863
2534,0.9999868489912319
2535,0.9999868631625776
2538,0.9999868773339232
2539,0.9999869056766145
2540,0.9999869198479602
2541,0.9999869481906515
2544,0.9999869623619971
2546,0.9999869765333428
2548,0.9999869907046884
2549,0.9999870048760341
2551,0.9999870190473797
2553,0.9999870615614167
2554,0.9999870757327624
2557,0.999987089904108
2558,0.9999871040754537
2562,0.9999871182467993
2564,0.999987132418145
2565,0.9999872032748732
2568,0.9999872316175645
2569,0.9999872457889102
2573,0.999987259960256
2575,0.9999872883029473
2580,0.9999873024742929
2583,0.9999873308169842
2584,0.9999873449883299
2587,0.9999873875023668
2589,0.9999874016737125
2593,0.9999874158450581
2595,0.9999874300164038
2601,0.9999874441877494
2604,0.9999874583590951
2605,0.9999874725304407
2610,0.9999874867017864
2612,0.999987500873132
2620,0.9999875150444777
2621,0.9999875292158233
2622,0.999987543387169
2627,0.9999876000725516
2628,0.9999876142438973
2631,0.9999876425865886
2634,0.9999876567579342
2636,0.9999876851006255
2637,0.9999876992719712
2640,0.9999877134433168
2645,0.9999877276146625
2646,0.9999877559573538
2647,0.9999877984713907
2649,0.9999878126427364
2654,0.9999878268140822
2655,0.9999878551567735
2657,0.9999878693281191
2664,0.9999878976708104
2669,0.9999879118421561
2674,0.9999879260135017
2680,0.9999879685275387
2682,0.9999879826988843
2688,0.9999880252129213
2694,0.9999880677269583
2695,0.9999880818983039
2709,0.9999881102409952
2711,0.9999881244123409
2715,0.9999881385836865
2718,0.9999881527550322
2722,0.9999881669263778
2732,0.9999881952690691
2738,0.9999882519544517
2739,0.9999882661257974
2741,0.999988280297143
2744,0.9999882944684887
2748,0.9999883086398343
2756,0.99998832281118
2758,0.9999883369825256
2766,0.9999883511538713
2768,0.999988365325217
2769,0.9999883794965626
2771,0.999988407839254
2794,0.9999884220105997
2799,0.9999884361819453
2803,0.999988450353291
2814,0.9999885212100192
2818,0.9999885353813649
2826,0.9999885637240562
2827,0.9999885778954019
2842,0.9999885920667475
2853,0.9999886204094388
2859,0.9999886345807845
2863,0.9999886487521301
2866,0.9999886629234758
2868,0.9999887054375127
2871,0.9999887196088584
2898,0.999988733780204
2905,0.9999887479515497
2906,0.9999887621228953
2913,0.999988776294241
2927,0.9999887904655866
2933,0.9999888046369323
2938,0.999988818808278
2939,0.9999888329796236
2949,0.9999888471509693
2952,0.9999888613223149
2955,0.9999888754936606
2957,0.9999888896650062
2963,0.9999889180076975
2973,0.9999889321790432
2975,0.9999889463503888
2984,0.9999889605217346
2991,0.9999889746930802
2996,0.9999889888644259
3006,0.9999890030357715
3019,0.9999890172071172
3021,0.9999890313784628
3023,0.9999890455498085
3031,0.9999890738924998
3043,0.9999890880638455
3044,0.9999891164065368
3047,0.9999891305778824
3056,0.9999891730919194
3061,0.999989187263265
3063,0.9999892014346107
3071,0.9999892156059563
3072,0.9999892439486476
3073,0.9999892722913389
3074,0.9999892864626846
3080,0.9999893006340302
3082,0.9999893289767215
3086,0.9999893431480672
3094,0.9999893714907585
3098,0.9999893998334498
3101,0.9999894140047955
3102,0.9999894281761411
3106,0.9999894423474868
3110,0.9999894565188324
3113,0.9999894706901781
3117,0.9999894848615237
3118,0.9999894990328694
3127,0.999989513204215
3130,0.9999895273755608
3132,0.9999895415469064
3136,0.9999895698895978
3144,0.9999895840609434
3145,0.9999895982322891
3148,0.9999896124036347
3149,0.999989640746326
3150,0.9999896690890173
3157,0.9999896974317086
3168,0.9999897116030543
3171,0.9999897257743999
3172,0.9999897399457456
3176,0.9999897541170912
3189,0.9999897682884369
3213,0.9999897824597825
3230,0.9999897966311282
3232,0.9999898108024738
3237,0.9999898249738195
3240,0.9999898533165108
3242,0.9999898674878565
3250,0.9999898816592021
3255,0.9999898958305478
3256,0.9999899100018934
3257,0.9999899241732391
3262,0.9999899383445847
3264,0.9999899525159304
3289,0.999989966687276
3300,0.9999899808586217
3305,0.9999899950299673
3310,0.999990009201313
3322,0.9999900233726586
3361,0.9999900517153499
3362,0.9999900658866956
3364,0.9999900800580412
3366,0.999990094229387
3373,0.9999901084007327
3378,0.999990136743424
3381,0.9999901509147696
3385,0.9999901650861153
3386,0.9999901792574609
3390,0.9999901934288066
3397,0.9999902076001522
3398,0.9999902217714979
3401,0.9999902359428435
3407,0.9999902501141892
3410,0.9999902642855348
3411,0.9999902784568805
3434,0.9999902926282261
3435,0.9999903067995718
3443,0.9999903209709174
3451,0.9999903351422631
3453,0.9999903493136088
3454,0.9999903634849544
3456,0.9999904059989914
3492,0.999990420170337
3500,0.999990462684374
3508,0.9999904768557196
3513,0.9999904910270653
3514,0.9999905051984109
3516,0.9999905193697566
3519,0.9999905335411022
3526,0.9999905477124479
3528,0.9999905760551392
3555,0.9999905902264848
3570,0.9999906185691761
3581,0.9999906327405218
3585,0.9999906469118675
3592,0.9999906610832132
3600,0.9999906894259045
3602,0.9999907177685958
3606,0.9999907319399415
3609,0.9999907461112871
3625,0.9999907744539784
3630,0.9999907886253241
3637,0.9999908027966697
3645,0.9999908169680154
3648,0.999990831139361
3660,0.9999908453107067
3662,0.9999908878247437
3665,0.9999909019960893
3666,0.999990916167435
3668,0.9999909728528176
3680,0.9999909870241632
3681,0.9999910153668545
3696,0.9999910295382002
3718,0.9999910437095458
3724,0.9999910720522371
3732,0.9999910862235828
3751,0.9999911003949284
3762,0.9999911145662741
3763,0.9999911287376197
3771,0.9999911429089654
3780,0.999991157080311
3786,0.9999911712516567
3797,0.9999911854230024
3799,0.999991199594348
3817,0.9999912137656937
3836,0.9999912279370394
3846,0.9999912421083851
3881,0.9999912562797307
3887,0.9999912704510764
3899,0.999991284622422
3931,0.9999913129651133
3936,0.999991327136459
3948,0.9999913413078046
3951,0.9999914688499155
3955,0.9999914830212612
3960,0.9999914971926068
3962,0.9999915113639525
3982,0.9999915255352981
3993,0.9999916389060634
4000,0.9999916814201003
4009,0.999991695591446
4011,0.9999917097627916
4013,0.9999917239341373
4014,0.9999917381054829
4026,0.9999918373049026
4027,0.9999918514762483
4029,0.9999918798189396
4030,0.9999918939902852
4038,0.9999919081616309
4039,0.9999919223329765
4041,0.9999919365043222
4057,0.9999919506756678
4067,0.9999919648470135
4079,0.9999919931897048
4095,0.9999920073610504
4096,0.9999920215323961
4097,0.9999920357037417
4149,0.9999920498750874
4192,0.999992064046433
4193,0.9999920782177787
4204,0.9999920923891243
4212,0.99999210656047
4225,0.9999922199312352
4249,0.9999922341025809
4253,0.9999922482739265
4272,0.9999922624452722
4279,0.9999922766166178
4285,0.9999922907879635
4289,0.9999923049593091
4299,0.9999923191306548
4320,0.999992517529494
4326,0.9999925317008397
4332,0.9999925458721853
4340,0.999992560043531
4345,0.9999925742148766
4377,0.9999925883862223
4382,0.9999926309002592
4393,0.9999926450716049
4394,0.9999926592429506
4429,0.9999926734142962
4432,0.9999926875856419
4461,0.9999927017569875
4471,0.9999927159283332
4515,0.9999927300996788
4539,0.9999927442710245
4688,0.9999927584423701
4696,0.9999927726137158
4706,0.9999927867850614
4785,0.9999928009564071
4798,0.9999928292990984
4800,0.9999928576417897
4806,0.9999928718131353
4840,0.999992885984481
4845,0.9999929001558266
4846,0.9999929143271723
4866,0.9999929284985181
4879,0.9999929426698637
4896,0.999992971012555
4897,0.9999929851839007
4898,0.9999929993552463
4899,0.999993013526592
4901,0.9999930276979376
4936,0.9999930418692833
4967,0.9999930702119746
4968,0.9999930843833202
5040,0.999993339467542
5046,0.9999933536388876
5108,0.9999933678102333
5116,0.9999933819815789
5152,0.9999933961529246
5184,0.9999934103242702
5209,0.9999934244956159
5214,0.9999934386669616
5238,0.9999934528383072
5247,0.9999934670096529
5253,0.9999934811809985
5265,0.9999934953523443
5280,0.9999935095236899
5285,0.9999935236950356
5289,0.9999935378663812
5322,0.9999935520377269
5338,0.9999935662090725
5341,0.9999935803804182
5364,0.9999936087231095
5440,0.9999936228944551
5441,0.9999936370658008
5464,0.9999936512371465
5488,0.9999936654084921
5502,0.9999936795798378
5534,0.9999936937511834
5545,0.9999937079225291
5562,0.999993792950603
5600,0.9999939913494421
5670,0.9999940338634791
5762,0.9999940480348247
5765,0.9999940622061705
5806,0.9999940763775161
5811,0.9999940905488618
5828,0.9999941047202074
5881,0.9999941188915531
5920,0.9999941330628987
5937,0.9999941472342444
5940,0.99999416140559
5945,0.9999941755769357
5946,0.9999941897482814
5959,0.999994203919627
5962,0.9999942180909727
5988,0.9999942322623183
6048,0.999994246433664
6084,0.9999942606050096
6144,0.9999942889477009
6145,0.9999943031190466
6159,0.9999943172903922
6240,0.9999943314617379
6271,0.9999943456330835
6308,0.9999943598044292
6336,0.9999943739757748
6396,0.9999943881471205
6400,0.9999944023184661
6409,0.9999944164898118
6432,0.9999944306611575
6436,0.9999944448325031
6443,0.9999944590038488
6488,0.9999944731751944
6552,0.9999944873465401
6569,0.9999945015178857
6808,0.9999945156892314
6820,0.999994529860577
6862,0.9999945582032683
6912,0.999994572374614
6923,0.9999945865459596
6942,0.9999946007173053
7000,0.9999946290599967
7060,0.9999946432313424
7088,0.999994657402688
7108,0.9999946715740337
7140,0.9999946857453793
7184,0.999994699916725
7193,0.9999947140880706
7200,0.9999947424307619
7202,0.9999947566021076
7204,0.9999947707734532
7224,0.9999947849447989
7342,0.9999947991161445
7404,0.9999948132874902
7444,0.9999948416301815
7479,0.9999948841442184
7498,0.9999948983155641
7776,0.999994940829601
7826,0.9999949550009467
7830,0.9999949691722924
7838,0.999994983343638
7920,0.9999949975149837
8149,0.9999950116863293
8186,0.999995025857675
8192,0.9999953376272794
8218,0.9999953517986251
8238,0.9999953659699707
8259,0.9999953801413164
8273,0.999995394312662
8330,0.9999954084840077
8597,0.9999954226553533
8735,0.999995436826699
8736,0.9999954509980447
8813,0.9999954651693903
8878,0.999995479340736
8911,0.9999954935120816
8999,0.9999955218547729
9000,0.9999955501974642
9063,0.9999955643688099
9080,0.9999955785401555
9216,0.9999955927115012
9225,0.9999956068828468
9273,0.9999956210541925
9354,0.9999956635682294
9432,0.9999956777395751
9520,0.9999956919109207
9527,0.999995720253612
9566,0.9999957344249577
9678,0.9999957485963034
9720,0.9999957911103404
9740,0.9999958052816861
9887,0.9999958194530317
9999,0.99999589030976
10000,0.999995932823797
10096,0.9999959469951426
10114,0.9999959611664883
10240,0.9999959753378339
10320,0.9999959895091796
10418,0.9999960036805252
10450,0.9999960178518709
10500,0.9999960320232165
10502,0.9999960461945622
10528,0.9999960603659078
10764,0.9999960745372535
10859,0.9999960887085991
10941,0.9999961312226361
10943,0.9999962020793643
10944,0.9999962304220557
10947,0.9999962445934013
11232,0.999996258764747
11339,0.9999962729360926
11424,0.9999962871074383
11520,0.9999963012787839
11592,0.9999963154501296
11662,0.999996343792821
11884,0.9999963579641666
11961,0.9999963721355123
12078,0.9999963863068579
12127,0.9999964004782036
12366,0.9999964146495492
12432,0.9999964288208949
12549,0.9999964429922406
12673,0.9999964571635862
12743,0.9999964713349319
12801,0.9999964855062775
12919,0.9999964996776232
13000,0.9999965138489688
13199,0.9999965280203145
13459,0.9999965421916601
13520,0.9999965563630058
13860,0.9999965705343514
13895,0.9999965847056971
14000,0.9999965988770427
14323,0.9999966130483884
14400,0.9999966413910797
14695,0.9999966555624253
15001,0.9999966980764623
15092,0.999996712247808
15101,0.9999967264191536
15121,0.9999967405904993
15122,0.9999967547618449
15360,0.9999967689331906
15509,0.9999967831045362
15539,0.9999967972758819
15980,0.9999968114472275
16000,0.9999968256185732
16059,0.9999968397899188
16320,0.9999968539612645
16359,0.9999968681326101
16365,0.9999969531606842
17168,0.9999969673320298
17181,0.9999969815033755
17280,0.9999969956747211
17710,0.9999970098460668
18795,0.9999970240174124
19200,0.9999970381887581
19300,0.9999970523601037
20160,0.9999970665314494
20188,0.9999970948741407
20686,0.9999971090454863
22080,0.999997123216832
22680,0.9999971657308689
22992,0.9999971940735602
24217,0.9999972082449059
24304,0.9999972224162516
26060,0.9999972365875972
26208,0.9999972507589429
26399,0.9999972649302885
26524,0.9999972932729798
26910,0.9999973074443255
27648,0.9999973641297081
27649,0.9999973783010537
28000,0.9999973924723994
28906,0.999997406643745
29391,0.9999974208150907
29582,0.9999974349864363
30002,0.999997449157782
30031,0.9999974775004734
30293,0.9999974916718191
30700,0.9999975058431647
30720,0.9999975200145104
31462,0.999997534185856
31680,0.9999975625285473
32104,0.999997576699893
32288,0.9999975908712386
32640,0.9999976050425843
32771,0.9999976192139299
32850,0.9999976333852756
33001,0.9999976475566212
34211,0.9999976617279669
34273,0.9999976758993125
34580,0.9999976900706582
34988,0.9999977325846952
35251,0.9999977467560408
36463,0.9999977609273865
37399,0.9999977750987321
37952,0.9999977892700778
38673,0.9999978034414234
38961,0.9999978176127691
39642,0.9999978317841147
40005,0.9999978459554604
40009,0.999997860126806
40170,0.9999978742981517
40175,0.999997902640843
41314,0.9999979168121886
42250,0.9999979309835343
43200,0.9999979451548799
43296,0.9999979593262256
43698,0.9999979734975712
43904,0.9999979876689169
44598,0.9999980018402626
46240,0.9999980160116082
47628,0.999998030182954
48302,0.9999980443542996
50138,0.9999980868683366
50167,0.9999981010396822
50688,0.9999981152110279
50778,0.9999981293823735
50806,0.9999981435537192
50882,0.9999981577250648
51199,0.9999981718964105
52180,0.9999981860677561
53760,0.9999982002391018
54383,0.9999982144104475
54399,0.9999982285817931
54611,0.9999982427531388
54937,0.9999982569244844
55296,0.999998313609867
55836,0.9999983844665953
57560,0.9999983986379409
58120,0.9999984128092866
58254,0.9999984411519779
58500,0.9999984553233235
59136,0.9999984694946692
60006,0.9999984836660148
60481,0.9999984978373605
61776,0.9999985120087062
61824,0.9999985261800518
62985,0.9999985403513975
63000,0.9999985545227431
63232,0.9999985686940888
63504,0.9999985828654344
63650,0.9999986253794715
64148,0.9999987104075454
64484,0.999998724578891
64799,0.9999987529215824
64800,0.999998767092928
64911,0.9999987812642737
64952,0.9999987954356193
65000,0.999998809606965
65100,0.9999988237783106
65119,0.9999988379496563
65294,0.9999988521210019
65370,0.9999989654917671
65438,0.9999989796631128
65520,0.9999989938344584
65535,0.9999990221771498
65536,0.9999999716573087
78614,0.9999999858286543
83161,1.0
